scenario_name	beta	gamma	sim_id	p_beta_true	p_beta_hard	p_beta_soft	p_gamma_true	p_gamma_hard	p_gamma_soft	est_beta_true	est_beta_hard	est_beta_soft	est_gamma_true	est_gamma_hard	est_gamma_soft	se_beta_true	se_beta_hard	se_beta_soft	se_gamma_true	se_gamma_hard	se_gamma_soft
high_separation	-0.25	-0.1	1	0.0022679882739560925	0.012845859375487071	0.002597109961250139	0.005767493076501996	1.9426709229386485e-4	6.256704413712835e-6	-0.24105760642323604	-0.19610721298947906	-0.20574783876946162	-0.10873119640216362	-0.12250959422502612	-0.12463341782942156	0.07896559206831004	0.07882077633863398	0.06822803123075688	0.039313282907032204	0.032771609712684543	0.027515002644400557
high_separation	-0.25	-0.1	2	0.010812236727315428	0.0016645945191097414	0.001639453623115039	2.7051637450023162e-5	0.0017337839137160243	3.070103280741456e-5	-0.19731832976434993	-0.24374646292553284	-0.22021676940766266	-0.1562730932150716	-0.10034961229516035	-0.12533781868317498	0.07741892150217158	0.07751901121964733	0.06984134370843298	0.037083397409184565	0.03196083935780019	0.03000087485427868
high_separation	-0.25	-0.05	1	2.038288928507193e-4	0.0011367617319088372	1.1933872708126991e-4	0.006682642079548216	8.00802447856845e-4	9.005947611464532e-5	-0.29766883125333515	-0.2606179528321082	-0.2757660638506784	-0.10639910863342569	-0.11252107621187225	-0.11159644049141056	0.08014295881435324	0.08008442803930974	0.07153275616361529	0.039157276981618444	0.03347356905298651	0.02843989599696389
high_separation	-0.25	-0.05	2	4.919132129125506e-4	0.002519362667822972	0.0032743444421879024	0.8350508698686816	0.4787240742560357	0.10897018738560846	-0.288270160446979	-0.2513017048603959	-0.22168208965347055	-0.007932683774953762	-0.023785639596902795	-0.04887231617857068	0.08271451714650264	0.08318477181904403	0.07529222962676403	0.038087625892896784	0.03356827450356692	0.030477476679876533
high_separation	-0.25	0	1	0.007952398036379456	0.12018601445416685	0.10969310825791849	0.9312936838810606	0.48332851934985477	0.2500009826591145	-0.20937781853760049	-0.12323248949907424	-0.11339138022318011	0.00329737343068206	-0.022866451948440832	-0.03320320367994563	0.07888891334875209	0.07930052811831112	0.07085691933295284	0.03823630469254401	0.032611258145524846	0.028855251109564908
high_separation	-0.25	0	2	2.659744505051938e-7	9.650292734602784e-6	2.8586353170437363e-6	0.8819363893733261	0.23309136328501184	0.19248613200407452	-0.40474974629086213	-0.34693971128574275	-0.33436425218947424	-0.0057105828055729595	-0.039344771014591405	-0.03123590528696717	0.07865192609968805	0.0784068590999575	0.07122960818989871	0.03844245329178956	0.03297768264884022	0.02395943010014071
high_separation	-0.25	0.05000000000000002	1	0.0068684691270677325	0.011308169489863759	0.02387036087987401	0.14651193762423204	0.32127074147337703	0.8310083243629377	-0.21178811449089946	-0.19951121358184104	-0.1603591710156348	0.05467645518784422	0.0331474523154109	0.006143977473084541	0.07834848826361726	0.07876389788340872	0.07092600440519785	0.03763145754423194	0.03340595686913091	0.028785979709628526
high_separation	-0.25	0.05000000000000002	2	0.023628160568570467	0.0012502268359633325	0.0033994775750734946	0.065314310959081065	2.911877467936446e-4	0.0015965634404949936	-0.18193966883933824	-0.2601017252532335	-0.2093201354470995	0.07545975139191201	0.12601209288790569	0.09385738653707767	0.08039321648911744	0.08059755347032037	0.07137668040749491	0.040901948956105987	0.03467430900074061	0.02969353375353787
high_separation	-0.25	0.1	1	0.020903614848743677	0.15283609706346238	0.2656403616861672	1.4295227753003702e-5	7.622503723776681e-5	3.52162814020034e-5	-0.18530480718548928	-0.11522204234741619	-0.0799995448474117	0.17514941377050805	0.1363831394576017	0.1198158535973557	0.08022822706502566	0.08059823220505133	0.07184702906076511	0.04018404777319441	0.03435140867086735	0.028897697546409154
high_separation	-0.25	0.1	2	0.0014787553595885627	0.005362280193159525	0.0025663502800698876	0.30179315770175624	0.9565251340933192	0.6257949544596402	-0.24909531416759728	-0.21917354679926684	-0.21389186588693404	0.03937611086823904	-0.0017926712903107269	-0.01444583326757472	0.07836092001406152	0.07871412786086071	0.07084344309970671	0.03811578067687706	0.032877252045465315	0.029618534027158746
high_separation	-0.125	-0.1	1	0.0789256439532429	0.3131897610663287	0.13219044728709067	0.0038933304018395017	3.1389983093585124e-4	1.7708504526650742e-4	-0.13951045170542	-0.08043511195388056	-0.10762486943358093	-0.10494450423402817	-0.11458057105517594	-0.10626948027015654	0.0794047247660958	0.07975310062908743	0.07145762376467081	0.03628301993552008	0.031703806440328455	0.028287816224657904
high_separation	-0.125	-0.1	2	0.0596990332247041	0.008284422420576414	0.009426977810502661	6.421173474876483e-4	0.007988194726539636	3.281236001346677e-4	-0.15394284699677285	-0.21655732533886618	-0.1899743536100218	-0.12566037905261454	-0.08563418967787878	-0.10856560126727029	0.08175360690295241	0.08202143813526319	0.07310402467507783	0.03671666309424339	0.03222932099426412	0.03017153365120409
high_separation	-0.125	-0.05	1	0.013756138265182086	0.005530077003870618	0.005036755535979749	6.617609195680513e-4	6.676512456720748e-4	4.212374095044241e-6	-0.19922068429820175	-0.22545930730936634	-0.20288064839607955	-0.1309531794176463	-0.1132600205221595	-0.13434036387670867	0.08086669276852944	0.08126367453942916	0.07225639136736722	0.03835617815416903	0.03320031249771753	0.02911953880979831
high_separation	-0.125	-0.05	2	8.953308604049555e-4	3.4536097626007193e-4	3.153157225343626e-4	0.38123406998250853	0.990724387655717	0.5729877413356175	-0.26522424256809435	-0.28591185631645727	-0.2574220967634479	-0.03290659751730305	-0.00037255055944351043	-0.015509803731928937	0.07985060081411542	0.07989356084327207	0.07133392375211767	0.03756695588210625	0.03203931088566599	0.02751186061654375
high_separation	-0.125	0	1	0.04627393012184425	0.07696290567129264	0.06910556407426854	0.16727441635923748	0.20512239050347303	0.21254870982757107	-0.15828250409876007	-0.1412826100349497	-0.1280865022492296	0.05169792238946627	0.04049913249390191	0.035065723085334545	0.0794237618027715	0.07988447849011504	0.07042717655890561	0.03741111707623458	0.03194480007198949	0.028120377599235583
high_separation	-0.125	0	2	0.047730076252578135	0.1530448867916999	0.06851803307306158	0.006436190782079688	0.002588865197200456	4.341323656072526e-4	-0.16152764471484865	-0.11717350579764786	-0.13495405104853303	-0.1067211262105316	-0.10134923903969403	-0.09959076033073583	0.08158935173922174	0.08200497103800672	0.07404604266013565	0.039097072177245985	0.033568834008536545	0.028258194842029065
high_separation	-0.125	0.05000000000000002	1	0.05298767145489502	0.033230997588277585	0.018539678215861048	0.3369221002212962	0.4416491487206575	0.2895210178825428	-0.15210100899561582	-0.16820967910725346	-0.16788980514141366	-0.03447839477160971	-0.02460571495181321	-0.030546895560913053	0.07860430387923396	0.07899833739067436	0.0712427083094903	0.03589024033884694	0.03196930645323603	0.028832671005125397
high_separation	-0.125	0.05000000000000002	2	0.006015529972158587	0.10005874408044856	0.05812494507032096	0.08322660298856373	0.7635791331374395	0.5588171236052688	-0.22479253329955695	-0.13521489973277592	-0.14052024032632712	0.06547177534464531	0.009663042175744034	0.01533660358736171	0.08183398677531252	0.0822190541649852	0.07412017830852834	0.037763918209730456	0.03211897156595115	0.026229977856575243
high_separation	-0.125	0.1	1	0.00948526016663602	0.24809107663274724	0.13869059191172203	0.02487851649147103	0.7702442559840375	0.5963973272170433	-0.21041950477679805	-0.09447777540964025	-0.1099249813112684	0.08417594668470849	0.009579722167626111	0.01544284021556363	0.08111619990133259	0.08179905219093409	0.07420963108269293	0.037476146237457646	0.03279377849738565	0.029155407452777025
high_separation	-0.125	0.1	2	7.531284315224197e-5	0.0026297448924296257	0.011231477558978608	0.0038552728852385325	0.037903720498768056	0.09768869804025322	-0.3139648424819539	-0.23821786537918083	-0.18142857127041087	0.10859191777281874	0.0666729062892083	0.04234558891325361	0.07930716659608485	0.07919481018867618	0.07149128651572241	0.037504708350327175	0.03208191436754474	0.025556507788935298
high_separation	0	-0.1	1	0.5937728197434056	0.7610501064042534	0.901738879100086	1.770747786229091e-4	1.6069407308261729e-4	2.361369539370836e-4	0.04107866137874025	0.023452635148702182	-0.008449647928284674	-0.1366552278871802	-0.11945610686333807	-0.10539764066535388	0.07701622282031463	0.07712092448237856	0.06842889750878849	0.03632469754522476	0.03154873647517994	0.02861317678352689
high_separation	0	-0.1	2	0.22218384094405802	0.0996433718457656	0.16381476424434513	0.04165275548916352	0.015578189791086593	0.025511687964520992	0.09885990837229565	0.134181874884125	0.10114095669477632	-0.07261107034177736	-0.0728513462796446	-0.058647827762664834	0.08098347906486385	0.08149100918623733	0.07261347041695654	0.03560818925177165	0.030077959575997917	0.026237818369693106
high_separation	0	-0.05	1	0.8928686628233269	0.8893384942635437	0.6253696945607556	0.16275616229093826	0.1290234131419222	0.3667560081855432	-0.010892328280914562	0.011234634144610019	-0.03584883707536068	-0.050333151167761235	-0.04589810620546734	-0.02340835456047198	0.08087848626437265	0.080742628386052	0.07341108714965262	0.03603723019675322	0.030216095162695533	0.025929434970035956
high_separation	0	-0.05	2	0.006999210095742234	0.004936023437255201	0.002967545254654765	0.3935043446020946	0.384122026178367	0.1429716227435796	-0.21706316948901064	-0.22697480052849434	-0.21621594936658217	-0.03186170307657861	-0.02818784685867178	-0.04334897416767352	0.08048671846339148	0.08074005861209341	0.07268404447751516	0.03732710024629317	0.03237620451245972	0.02958184895292468
high_separation	0	0	1	0.3823256841102895	0.20427134331397026	0.2413235033996156	0.8995124875458979	0.6998850725036064	0.917941787974212	0.07068897865152954	0.1031400242375021	0.08338036512504536	0.004645574572242609	-0.012004136291931306	-0.002870635262283434	0.080915095790934	0.08124613922106809	0.07114164756895572	0.03678107778039449	0.031133840930675654	0.027859502023819274
high_separation	0	0	2	0.6006674605876634	0.41154303102643053	0.36873950535074196	0.8665786918480707	0.8873119659051957	0.7960698874310592	-0.041922074001265776	-0.06614645532962028	-0.06516492098090726	-0.006078054955798833	-0.004448292377763102	-0.007264342471399753	0.08008941049554867	0.0805503715204266	0.0724827549740008	0.03616998325301866	0.03138449033430088	0.02810503522607802
high_separation	0	0.05000000000000002	1	0.624909585580903	0.624524678678106	0.67626147896815	0.7530505049203963	0.21780336306663456	0.2258940086116539	0.03926421821099596	-0.03912533606775102	-0.0296569719544472	0.01158779928075134	0.038796048593534097	0.03401572346401352	0.08031067316163681	0.0799377041360387	0.07101230656087207	0.03682284321503158	0.0314641069476689	0.028080200673160423
high_separation	0	0.05000000000000002	2	0.022821223050017055	0.08396533678046984	0.03569861529412791	0.23047823483751262	0.3302349928830739	0.19382809078304009	-0.18512424142303058	-0.14054421813643792	-0.15584437099480355	0.045710994475480944	0.03155268242598508	0.0369284952078952	0.08132273607921904	0.08132745060496487	0.07414922020633634	0.03810132694752849	0.03239401353837653	0.02841145596438825
high_separation	0	0.1	1	0.31401374790756426	0.25071378478057277	0.16824831372133062	0.14230006762644787	0.21573544012451867	0.13960771637813682	0.08119727255985598	0.09302654341601597	0.09943160540855116	0.05380917899966403	0.03952403460035542	0.040270901903784906	0.08064600272264888	0.08099001856283454	0.07213792674496312	0.03664876691559969	0.031910466177435134	0.027249804134522448
high_separation	0	0.1	2	0.8220818231666038	0.577741898168203	0.8369493913587434	0.0024512907792522353	0.07637724929152322	0.01329182081415658	-0.018075198083082333	0.04543080071928909	0.015426212978989287	0.10690495512550076	0.05452010639881327	0.06974764888656505	0.08038130602861357	0.0816093641403177	0.07494857642199462	0.035215560684389836	0.03074012433076321	0.028146025616026044
high_separation	0.125	-0.1	1	0.0655073429635381	0.16114605892283315	0.1433665771815526	0.03532275733700131	0.10818293816741119	0.16636426635786872	0.14856775417071252	0.11228020883896549	0.10604909959606537	-0.07576786220763168	-0.048986279451114306	-0.03925861678022296	0.0806653116172009	0.08012989350235848	0.07244068410397611	0.03596052091694031	0.030471692774814957	0.02835609371908232
high_separation	0.125	-0.1	2	0.01958508391339468	0.08103207937967359	0.09377646564650778	0.3258652149553497	0.5847298674119187	0.9218211693661075	0.19779381069114668	0.14710328581877938	0.12581888255014703	-0.034549721449568804	-0.016550946439410668	-0.0027738871723494143	0.08473718562680285	0.08431297851205861	0.07504390720534941	0.03515206769184867	0.03027808140569923	0.028261038642502255
high_separation	0.125	-0.05	1	0.38242908810028414	0.4059884118708101	0.49362239981907674	0.989790273621815	0.7124342226025542	0.37626234571666584	0.072344934526194	0.06888116736490502	0.049509196376468445	-4.5280416799695235e-4	0.011492554388512854	0.021736534972492665	0.08282860294631897	0.08289210158527428	0.0723094959189226	0.03537824686013491	0.03117270832920514	0.024561016539480115
high_separation	0.125	-0.05	2	0.4731960269282959	0.6610477078518178	0.4875672244816551	4.861709719146034e-4	7.135352432815173e-5	1.0291873020755661e-5	-0.05860406503777779	-0.035948400987335996	-0.0511223782951586	-0.1296217944671812	-0.12270832103300447	-0.12099288057692403	0.08170220929001035	0.08198653954797426	0.073630256739896	0.03706015139798953	0.030791094733566546	0.02735993799523747
high_separation	0.125	0	1	0.4247799320089711	0.2291878366624295	0.3414407953589558	0.508369160606635	0.1394624443713865	0.17675049748267976	0.06351971052981352	0.09644811762274975	0.06947521002038944	-0.0232993753771228	-0.04520244799186187	-0.03484042454284686	0.07958307106767105	0.08020943042739004	0.07301274273917452	0.03521804797903135	0.030568019489687345	0.02578278442810263
high_separation	0.125	0	2	0.2744691715893558	0.3724172831974982	0.43893386840445403	0.34106126332444464	0.5340840007490402	0.4520721438697338	0.09029184112195893	0.07352194487975706	0.05651855094946575	-0.035910091172512655	-0.019602937964554278	-0.018429428733488983	0.08262216211493882	0.08242790309586115	0.07300726427757508	0.037703036786741244	0.0315178710348118	0.0245035611741536
high_separation	0.125	0.05000000000000002	1	0.012625589265075749	0.045091015811698665	0.027097728030107356	0.27799625932874134	0.17644427365247195	0.0838637821359036	0.21163450398840616	0.17002407360585917	0.1671594574659839	0.0409769507380026	0.04424811108108109	0.049541844945153055	0.08485204211653093	0.08485063332654559	0.07557840858944585	0.03775559321492803	0.032714177251041074	0.02864422867766093
high_separation	0.125	0.05000000000000002	2	0.11668206362605082	0.25044731288851474	0.1630137781769165	0.0719360219136525	0.008222898744168445	0.0035765565736501697	0.13051424707855797	0.09569820711734968	0.10637085945172191	0.06570289513846773	0.08439926497724866	0.08284784770276107	0.08319084069989768	0.08326915529743835	0.07622303029263747	0.03647910333993472	0.03188348489712319	0.02840425787520843
high_separation	0.125	0.1	1	0.927547115396076	0.9971134565784744	0.7526318683380707	0.13406194922435496	0.07040543959489927	0.12980928964404256	0.00746619772846538	-2.9745186436903436e-4	0.023951479586008306	0.05804153774078585	0.05885982570295639	0.04516319327758908	0.08210804325947318	0.08222004584685667	0.07598475006985483	0.03871307803846859	0.03250354561137742	0.029801263584127397
high_separation	0.125	0.1	2	0.1763405458605264	0.060807070569250214	0.030418841247259812	0.036813654129472115	0.07142106987229102	0.047231706587391176	0.11199503269657725	0.15717562609832814	0.1642474385281205	0.075398191671433	0.05664089811170347	0.05357589921888963	0.08282990341402402	0.08383166282796704	0.07582514147890439	0.03607199659852646	0.03139079510549528	0.026984354733711413
high_separation	0.25	-0.1	1	0.014021063142749868	0.49671259009415936	0.4512251048606485	0.001713615874016608	0.09212444359173153	0.08232166577944745	0.20470612352296355	0.055963277267093485	0.05666343030680066	-0.11184528973186059	-0.0511467980935278	-0.048374526534958856	0.08332485916623679	0.08233873399476087	0.07519811430736928	0.035586734008195404	0.03034287330929765	0.027829517640409886
high_separation	0.25	-0.1	2	0.0020159915456815637	0.03130484219836351	0.08267017418526156	9.454582975814952e-5	0.002078086860497446	8.82483436373596e-4	0.26099853752052854	0.18044373392877652	0.1258495620086303	-0.14231231082340257	-0.09519611822894689	-0.08404601801110774	0.08452391162686076	0.08380351933839542	0.07248269616266037	0.03632889526967329	0.030852549105966746	0.025234786042727903
high_separation	0.25	-0.05	1	0.0387242343566083	0.6822365151011123	0.34843848553258694	0.004574275124156268	0.45498900246234975	0.1345273222830197	0.16642222465795778	0.032734557922291144	0.06779080125360944	-0.09626977049472794	-0.02272438174698837	-0.040186711533618975	0.08050979598424302	0.07995483426429906	0.07228374707995072	0.03388746339159857	0.030406243700297896	0.026843184574412687
high_separation	0.25	-0.05	2	0.04621916820022762	0.27906270656045795	0.23751178119679303	0.422082227794645	0.6896970796711533	0.6961611630323079	0.17016423942134806	0.09120552074842919	0.08813262370225575	-0.02859247868884657	-0.012261131772928249	-0.01048802353023879	0.08536440908072916	0.08426018209762022	0.07458859576723546	0.03560385374779284	0.030702136025936085	0.026853532396252166
high_separation	0.25	0	1	0.007045965932608925	0.06368384590917435	0.10740408221463664	0.3937838441973015	0.6493832094269656	0.9173351177631375	0.2225784114565712	0.15305695422209462	0.11832164122953051	-0.028942884943467858	-0.013504865727484845	0.0026456329109748504	0.0825996925473583	0.08253777288009384	0.07345997282857315	0.0339277271490425	0.02969874412173506	0.02548675130542828
high_separation	0.25	0	2	8.251848688112499e-4	0.0093185325603915	0.006597647360187964	0.08642434099660404	0.247255831266342	0.34906276315659124	0.27821170345686697	0.215625336739817	0.19626238748094313	-0.057371485242890645	-0.034410141952288927	-0.025017327665225537	0.08319215881068856	0.08292830835821138	0.07217254835616375	0.03343516517364973	0.029726238431114323	0.026709972497736885
high_separation	0.25	0.05000000000000002	1	0.0058579872638944526	0.026010400219109567	0.02294308288514096	0.7041249590112673	0.3289089740908747	0.12067987628900627	0.22842441569339195	0.1833060780242479	0.16162976063535914	0.013033736160489669	0.02888308541925762	0.04136494122352154	0.08289382735577865	0.08234565554783643	0.0710104942460407	0.034313522487192376	0.029572579953027957	0.02664256767817562
high_separation	0.25	0.05000000000000002	2	0.15060143930557846	0.26157459769414054	0.13273357144422318	0.5582739637246448	0.12092392991022012	0.12857244724430827	0.11845515762235359	0.09308481065070674	0.1110748157102992	0.020482515668892868	0.047848275948448864	0.04108816727805877	0.08240872930248826	0.0829132428542166	0.07385182181700824	0.034978820242443205	0.030830702059430677	0.027024842347897246
high_separation	0.25	0.1	1	6.689814673940156e-5	1.7825225900116847e-6	5.970352210664178e-6	8.515760925227528e-7	2.4851467402093774e-5	2.3777326141967865e-9	0.33862881237158116	0.41199143174437886	0.3568480412275198	0.17527746971124866	0.12942733923804942	0.17140310210759824	0.08493203616235259	0.08625138187845724	0.0786070597400903	0.0354213065996803	0.030582715243312963	0.028580916862992415
high_separation	0.25	0.1	2	5.228048256500595e-5	3.709541992164958e-5	5.412149065188144e-5	0.0023527673339819193	0.013664048591500104	1.6208286192843338e-4	0.3435811373234702	0.35376168994581497	0.3081112287191446	0.1045395836513637	0.07523380029653098	0.10492743562744636	0.08493570204085699	0.08576324128138743	0.07615524127763697	0.03429878587092154	0.030466241927350465	0.027766037718447874
low_separation	-0.25	-0.1	1	0.0013908673261774887	0.12707595875551295	0.01178942333133033	0.005348808863041282	0.004952685739923343	0.0019699511734375995	-0.24859199157505116	-0.125142589629426	-0.15754439275304713	-0.10927916737434765	-0.06831637211407289	-0.06275571972757699	0.07776909489374254	0.0820212012222956	0.06250022822097201	0.039160280082457505	0.024271531641821234	0.020251447932511057
low_separation	-0.25	-0.1	2	1.3529870662058552e-6	0.16195837292677917	0.006189841925830127	0.028141239043059284	0.002331478413369061	0.002263897263852902	-0.3866921946745629	-0.11950793157066156	-0.1686834345104211	-0.08671257545614887	-0.0796086124128339	-0.07141595345052103	0.08003053825458296	0.08545342989757923	0.06155287372050625	0.03944844065947139	0.02610149203597569	0.023360062416446073
low_separation	-0.25	-0.05	1	0.0029256737212115386	0.45850635648813337	0.12777236373236572	0.40891240062931533	0.20711087977131018	0.31946143783481845	-0.23844704555827928	-0.06439496295899164	-0.09649742760900368	-0.03161115266268377	-0.0317828542108569	-0.02227137056199421	0.08013838100449194	0.08686660873799315	0.06333605129019221	0.038265072526184704	0.025181983239082467	0.022365005560802318
low_separation	-0.25	-0.05	2	0.005459829253226042	0.988319183511491	0.1699589248192184	0.5862675926413294	0.04875719873921327	0.14775603999101658	-0.22340481183206	-0.0012909720301259849	-0.08424517694869807	-0.020588170637022337	-0.05113458730364008	-0.033916436847442485	0.08040272297223738	0.08817961118246848	0.061366017758091716	0.03781800330216523	0.025925185816618197	0.023421917827594306
low_separation	-0.25	0	1	0.004279268627285902	0.42380317373823834	0.5644382541357871	0.3864724522046681	0.6734775322104438	0.350909430281251	-0.22568467823179175	-0.06810659183364065	-0.03524165649573617	0.03384822825834639	-0.011155493188827678	-0.021574481594151696	0.0789989423818108	0.08515020909682086	0.06114544481238157	0.039069230696242116	0.026468150729677956	0.023122657245584332
low_separation	-0.25	0	2	5.112844634063445e-4	0.06378200140907349	0.02939881550630286	0.5402572269248569	0.8834055965520452	0.42765231316289964	-0.2844964524266459	-0.16450476689157262	-0.13775268311690403	-0.025997242214196192	0.003990039773496274	0.018629841897666363	0.08187481438942815	0.08874397739620715	0.06319905764801893	0.04243669980456803	0.027202424703210205	0.02348169646173026
low_separation	-0.25	0.05000000000000002	1	4.981687892844591e-5	0.4482931989174908	0.550258285121917	0.04639521869138063	0.5133729504919717	0.4416614218927063	-0.3206879469386349	-0.06483645012050056	-0.03675956447673952	0.07954369090035025	0.016758594482616233	0.016780728424116917	0.07905563337397656	0.08550647938269276	0.06152490210446982	0.0398924843089302	0.025634186620664533	0.021806068563196
low_separation	-0.25	0.05000000000000002	2	0.19990256972478618	0.4695430480407454	0.9951794965113427	0.8219085722876196	0.31020191912072737	0.3265658513667429	-0.10205376502006593	0.06399578228776998	3.7107330100909615e-4	-0.008388371498230482	-0.025636425247932262	-0.020380413318140268	0.0796157282753302	0.08848696043748935	0.06141159575151594	0.03725801978796537	0.02525362008418373	0.020768885108949916
low_separation	-0.25	0.1	1	0.02798771379676235	0.9149722784156158	0.5874721597173471	0.010469440901696237	0.08209327411592944	0.011173652764726356	-0.16822947919379655	-0.009022409109913932	0.0322374850642587	0.09325693301646447	0.042075624325275035	0.047595917016757236	0.07655638343437186	0.08450405141767782	0.059414002422598006	0.03637039712265752	0.024183036106995143	0.018741620753078427
low_separation	-0.25	0.1	2	3.5506331821110155e-5	0.014586786808893798	0.001069816526376619	5.594694095900994e-7	9.014890198430584e-4	1.8171965372213957e-5	-0.33330230945970307	0.22410325090303373	0.2058430231589654	0.20119043707933426	0.08364978739846733	0.09097140134864604	0.0806065239540833	0.09175238369449247	0.06282810851275764	0.03996752085568007	0.025145981046598084	0.021172608312311162
low_separation	-0.125	-0.1	1	0.7678808410826685	0.16090494423250226	0.06415867864329183	0.003070264475642338	0.01725056391214941	0.002695803913001379	-0.023673417947149368	-0.12001580582316605	-0.11239444695538893	-0.11108565956019077	-0.061264821049734804	-0.06898874065176021	0.08020864044814788	0.08560117864542689	0.06068482366903262	0.037441654368666095	0.025696615991281806	0.022964017965813082
low_separation	-0.125	-0.1	2	0.12298689094712241	0.07408470822420944	0.0012774904862242237	7.439958805864769e-5	5.623062171183352e-6	3.568200181027911e-7	-0.1189185286202185	-0.14755070080895527	-0.18799383913520673	-0.14700844976394464	-0.11728694350005966	-0.11814115440590324	0.077101823348601	0.08261101714907779	0.058282194354496546	0.03697362896611535	0.025734817955011983	0.023129313937543847
low_separation	-0.125	-0.05	1	0.17257218412640887	0.11176174398202712	0.048227887911374466	0.055988422910110636	0.34509435313913894	0.463681419080163	-0.10761127381883741	-0.13611887834494088	-0.1240794838342189	-0.06953140298417712	-0.023160281379668572	-0.01397702555936211	0.07889474452718702	0.08559190472098338	0.06277524050278356	0.03634644933184271	0.02452231225458613	0.019069826392434458
low_separation	-0.125	-0.05	2	0.1507018323784182	0.9408855928709688	0.3582751864460805	0.033338209123923074	0.5307997427762408	0.9047195344037019	-0.11406935075120639	-0.006389458974926003	-0.05636650869878972	-0.07987228641669325	-0.015807275600648	0.0025232381539879514	0.07937706044187692	0.08616143175904978	0.0613433791990074	0.037489720188150485	0.02521335902869794	0.02107672721351056
low_separation	-0.125	0	1	0.0010866901325146427	0.6165688178832097	0.7378103946482402	0.11632871996558815	0.7319049865871421	0.4075907622503242	-0.2586498727015201	0.04382081231153139	0.020432049468228155	0.060456426826610433	0.008487542082706244	0.016710799727216855	0.07916889678501231	0.08751575690620483	0.06102745551083195	0.038469361889036026	0.024769609003085613	0.020174437357426585
low_separation	-0.125	0	2	0.04188178660942792	0.987147619628634	0.8841620335963456	0.17802957348370396	0.8566894387182198	0.9989463342778748	-0.16214338627805097	-0.0013948734279556718	0.009074680578057322	0.051028585083538004	0.00467562614537499	2.8527206620931885e-5	0.07968936692817384	0.08659095113692492	0.06227743174593619	0.03786479953164805	0.025886109252328156	0.02159941505263511
low_separation	-0.125	0.05000000000000002	1	0.208642985082212	0.620379811641601	0.8269557073588524	0.18257145289582177	0.3521264754571394	0.2866620572964769	-0.10440578322566076	-0.0454929293949186	-0.014142648862009862	0.05066078543252724	0.024378816867557187	0.02401435867315649	0.08303930285358262	0.0918469927808728	0.06468573254975524	0.03798621390929126	0.02619209262695362	0.02253266734950125
low_separation	-0.125	0.05000000000000002	2	0.1929738710929444	0.9944159758047499	0.9040873013184356	0.17193703011763864	0.95314110454337575	0.8306575843170281	-0.10290308697043783	6.123023549512467e-4	0.007217034720311965	0.051322739102536485	-0.0015316295982060785	-0.004837135936035826	0.07904483704164098	0.08748934286666638	0.0598849409957155	0.03754757998164179	0.02606010237321451	0.022615459667871398
low_separation	-0.125	0.1	1	0.5207716976594918	0.16517007550972665	0.2816344284558999	0.03163977142765151	0.3094013557907301	0.04756021464952701	-0.05262387666354656	0.12867804943959954	0.0680509000305274	0.08016600528490528	0.025858863591514864	0.042122227897139944	0.08194870296632466	0.09271477351199815	0.06318877962753591	0.03726086541635	0.025430775275480343	0.021247037969204602
low_separation	-0.125	0.1	2	0.016410962483694523	0.573884735449482	0.8102389982878135	4.5730771839946205e-4	0.004934900281534017	4.6334554848804853e-4	-0.20280372277633374	-0.05247684682147405	0.016311724808759673	0.13355139340723823	0.07711538285104824	0.08063317835870532	0.0845140394210208	0.09331880023225239	0.06792320998791365	0.03799997522687325	0.027388951829967926	0.0229926274710088
low_separation	0	-0.1	1	0.766239526116579	0.2794432418279932	0.3023815980128892	0.39739696600808827	0.6123393881940509	0.4694931500301299	0.023629521799066	-0.09249976473791661	-0.06392223035369521	-0.030220196872716234	-0.012200777927134452	-0.014427624713310378	0.07948111221396165	0.08552353335438288	0.06196380425135974	0.03569650094169769	0.024071852075458557	0.0199430329501451
low_separation	0	-0.1	2	0.4244696880493719	0.13510138936720215	0.005770736190212958	4.5117257787800263e-5	0.0017618062590717394	5.973081188512285e-4	-0.0623071307003462	-0.12480464617787415	-0.16430683848737812	-0.1454333823425084	-0.07654152347684401	-0.07090488899267113	0.07801157349354261	0.08352136614590644	0.05945580133949369	0.03551523525062516	0.024425474284957772	0.020621879228534073
low_separation	0	-0.05	1	0.4847663399200094	0.012400714196354037	0.16677591487538387	0.337368960423833	0.4775459233754279	0.8405897422416059	-0.05794162303316737	-0.22178915087139747	-0.08835986351132528	-0.03608391206829088	0.018536833152981196	-0.004444787191847615	0.08293284600008721	0.08869680721140583	0.0638834434397271	0.037596913752823286	0.026092034011497945	0.022095190216106207
low_separation	0	-0.05	2	0.5731599517967968	0.5692015679865562	0.33753689301712464	0.35784107513005325	0.8241896160371613	0.38222639036449846	-0.045810835051526076	0.0510976326058469	0.06201501132932582	0.03610001743378875	-0.0056027246710221275	-0.01881966632972953	0.08131083823600549	0.08976658215058152	0.06464787318916054	0.03924564004363187	0.025214753831688502	0.021532939276714017
low_separation	0	0	1	0.7263843377663151	0.8037768014225734	0.7914369881595025	0.5664879958185379	0.4918314714496511	0.6736036200818358	-0.028058319367057386	0.02167548824885587	-0.01573200490497498	0.021028504298980413	-0.017215787023318278	-0.009535862202836502	0.08018055844783543	0.08723856954701917	0.059482670758769014	0.03667391291153507	0.025038348924000635	0.022636014327862698
low_separation	0	0	2	0.1782472248705258	0.7825359148048034	0.296253544866453	0.3302411290215145	0.7532843099291778	0.47850324003238887	-0.10805296609760838	-0.024436901286189663	-0.06347882494804633	-0.03595954707839056	-0.007855379213753434	0.014912419047874036	0.08026686702884062	0.0885344224528221	0.06075839272999013	0.036918633578953634	0.02498761003938495	0.02103762427276331
low_separation	0	0.05000000000000002	1	0.8301986634522416	0.8344653954576102	0.8129037439310465	0.5127205544283084	0.8078278987285503	0.47734537592583415	0.017278137345975535	-0.018246231165271066	-0.01471663431154727	0.02273531750787096	0.0059477995777980665	0.014093418782461594	0.0805707467247163	0.08731172283605301	0.06217080039001905	0.03472109239530411	0.02444899647545822	0.019829986375818117
low_separation	0	0.05000000000000002	2	0.4212659381734042	0.925969149104231	0.37199985615370745	0.02738898492793147	0.018835030039388707	0.006377175943186774	-0.06521022066671371	0.008391808789364843	0.056491186973285576	0.08230462202271306	0.05920976941758916	0.058643997187329044	0.08108435513531459	0.09031467744570182	0.06326465772646143	0.03726561012105471	0.025180833935694112	0.021476489212800886
low_separation	0	0.1	1	0.5068288972187442	0.34241088836416167	0.19452742183600447	0.002424037461602725	0.04946161174232014	0.014848802510466712	-0.05238489916873043	0.08300512100442647	0.07761727848587792	0.10872145568121146	0.04872522333678997	0.052644829620452284	0.0789186539692285	0.08742788481112741	0.05980969984382093	0.035774294926342355	0.024780834500861826	0.021592021376009095
low_separation	0	0.1	2	0.37716118650958247	0.7688739276570503	0.40272181211940095	0.02095576876414824	0.011376034914655268	0.006714362352841475	-0.07054745739478041	-0.0257031170958524	0.0521250634307743	0.08708654820925703	0.06512088094099944	0.05601475492299986	0.07988262224355877	0.08747074187684994	0.06227992037838558	0.03766852450807122	0.025696797303819602	0.020642816511826666
low_separation	0.125	-0.1	1	0.34283460727106513	0.43546959147281455	0.10075638057781444	2.83210596214996e-5	0.041438801504757296	0.020978617810570265	0.07982417529789947	-0.07022247717585321	-0.10397365855721387	-0.14607590558757902	-0.05101707233193331	-0.04849319382670818	0.08415129095927605	0.0900442543488844	0.06332302677269862	0.03476268332653744	0.024997095809305356	0.020990922027991264
low_separation	0.125	-0.1	2	0.05628809573044265	0.6579715421970624	0.021415813370418677	1.5787952419050866e-5	5.755187064332681e-5	3.0982066206872113e-5	0.1558221892962327	-0.03842025029516694	-0.14065575929792856	-0.14934090035762534	-0.10023023900600395	-0.08654812047291112	0.08163365207732547	0.08678316389800475	0.061091324981011046	0.03445358783190018	0.0248425011449737	0.02072654580857776
low_separation	0.125	-0.05	1	0.02395614650681232	0.7223452923689224	0.550642027362989	0.10088473740502525	0.15941552510961812	0.024389228969733633	0.1818748423068737	-0.0302616661731308	-0.036892166077849724	-0.06137254079292312	-0.035658240450672576	-0.04731266649923381	0.08055287403881903	0.08516589348340903	0.06180631480018377	0.03738017236519345	0.025329344455808263	0.021003099298059692
low_separation	0.125	-0.05	2	0.040683011011553506	0.04899450491057324	0.09776171288780343	0.8407281202923073	0.6092973009979641	0.44309306246060154	0.17012223175021376	0.1784908552083398	0.10462178565476739	-0.007257752317784234	-0.013548335820656315	-0.016921006351982258	0.08311838183321812	0.09066711122581454	0.06315534010502331	0.036107272960995716	0.026503521153455712	0.022057460287210905
low_separation	0.125	0	1	0.4505678148822583	0.22893057698635422	0.05985885342864778	0.18999412221813688	0.27222719264047474	0.37769975050942106	0.061554814505192255	0.10876749024594888	0.12275371428550144	0.048072954868971354	0.02672970286086789	0.01860258782904189	0.08158696580810941	0.09040465745592138	0.06519390355721366	0.03665932031315335	0.02433582917185423	0.021083270369093195
low_separation	0.125	0	2	7.332544108160735e-5	0.07379393752583266	0.08980551316929727	0.7078025408862999	0.8340893949972709	0.6955874142907609	0.336718091284012	0.16225772672796113	0.1080712236809795	-0.013508788582100514	-0.005184560423859359	-0.00811786232717255	0.08491768578576328	0.09075380951335868	0.06367438353808191	0.03603353609974693	0.02474759391623757	0.020743740210637206
low_separation	0.125	0.05000000000000002	1	0.0013892600870232747	0.046295883199070416	0.13649427087708665	0.07668180071428693	0.38443457475858167	0.03556051279101119	0.26935064792651625	0.18235544743850082	0.09762640701730681	0.06400120339702756	0.023289619389171755	0.04635175500473128	0.08425440600508156	0.09151240204769703	0.06553984336781252	0.03612240722373188	0.02676901636449367	0.022037180101030177
low_separation	0.125	0.05000000000000002	2	0.05140669044413872	0.5467103387876595	0.509004582972804	0.3140695776638407	0.18208005564536442	0.05396145761842862	0.16547757035045266	0.05580117663397302	0.04540740220564663	0.03688259479032438	0.034872209384113895	0.042579422079795815	0.08494440301060831	0.09258580205017637	0.06874627051668623	0.036621060260401996	0.02612112077872389	0.022081519208825545
low_separation	0.125	0.1	1	0.03132015089549759	0.08033862180631797	0.004759696236117329	2.2724865304817445e-4	0.017945803736635364	0.01839056423919701	0.17501638792851884	0.15803498590628137	0.17578511551016743	0.12821525691551525	0.057006699500575006	0.04444979202326737	0.08129025119433055	0.09037156489931235	0.062202058903833096	0.034675053771902435	0.02405953364755289	0.018837885786988626
low_separation	0.125	0.1	2	0.027819596576514196	0.1099658525505952	0.005688307621436665	6.000776527961396e-5	0.0026440092465402068	0.002500390268115829	0.18398757015765121	0.1498684499096786	0.17330502787644167	0.14395355694231737	0.0757209969001581	0.06787052818331324	0.08363751830237234	0.09376467281476639	0.06260516818101979	0.0357468492483177	0.025144109717482682	0.02242071654598917
low_separation	0.25	-0.1	1	0.0046645350505249	0.24420523723705484	0.10778840384821856	0.023575207859165153	0.02792600149605442	0.008015025329019982	0.23898414367476004	-0.10174868873864387	-0.10170640987862704	-0.07782494152001876	-0.05545690866161754	-0.05952736204938364	0.08446664550099459	0.08737242817068086	0.06321347438003047	0.034333199393728295	0.025201249258872422	0.022428431248406402
low_separation	0.25	-0.1	2	0.2121776388675991	0.029804814778041304	0.022604514767831173	0.0015209015395134034	0.12491185501062571	0.02915846271709014	0.10404123901679965	-0.19107484871299057	-0.13753838228046789	-0.11259514892802953	-0.038210928573584615	-0.04744118603075376	0.08339311699192867	0.08794452991931864	0.060275651041198336	0.03543457020643332	0.02488734848518577	0.02173299890584594
low_separation	0.25	-0.05	1	2.200638052018472e-4	0.5438982594152921	0.4656620068359325	1.7020583519877157e-4	0.03795439402002075	0.002722969287462106	0.3063468369250539	-0.05258620853709937	-0.04515414856995776	-0.12938310352189628	-0.04997504670626567	-0.06245377085223825	0.08291306905699831	0.08664314653257911	0.06188082913814662	0.034310865952045765	0.024058421519687456	0.020809982909810846
low_separation	0.25	-0.05	2	0.016592849438479836	0.24137436941065127	0.23966222949688018	0.9563965375328529	0.7861560824298892	0.8595738342108381	0.19944899790050816	0.10575831710380722	0.07290264131085444	0.0018048728477133985	0.00665985331830589	0.003593078975377871	0.0832561264304622	0.09027147998062697	0.06198244347899574	0.03300364334658918	0.024542898566823845	0.020306820622017843
low_separation	0.25	0	1	0.005777410931733761	0.5801517016390055	0.6507955251491473	0.01924528624355025	0.30437201721768903	0.17608956037835743	0.23255729251397297	0.05020145547400336	0.029638729058470384	-0.08217538579542621	-0.02582739752683045	-0.030218235472712338	0.08425518551238972	0.09075343505253622	0.06546731984269036	0.03506061036006514	0.025137035620976574	0.02232808944644903
low_separation	0.25	0	2	0.014283361889908397	0.17880171343066734	0.3454653349824517	0.47261892952157525	0.45724176042973486	0.19944435572260666	0.2030013345177824	0.121306590321444	0.05845425113456294	-0.024469353488737126	-0.018405591890113343	-0.025083093231869396	0.08285576135984306	0.09022742011123716	0.06194519136294911	0.03405900096824894	0.024752232022399456	0.019541796765833862
low_separation	0.25	0.05000000000000002	1	2.5904557170764903e-5	9.36266882091126e-4	0.009037943559187033	0.3658791236458645	0.836936656267069	0.4982401600233509	0.3628855243457797	0.3142488043632832	0.16932423875637492	0.0302132772116492	0.004984337127553214	0.013237718342113028	0.08626225133755143	0.09496763678688987	0.06479646852052526	0.033401808150863084	0.024213461682103653	0.01954238584112474
low_separation	0.25	0.05000000000000002	2	0.013537186697962417	0.36258735852753626	0.038856172929656804	0.396478074885105	0.01877971538138793	0.013448729971700735	0.20411609565828148	0.08195024798924248	0.12699982273663193	0.029980005247305392	0.0572763900764778	0.050325903696012864	0.0826610082637409	0.09001110425431497	0.06143956377441298	0.03534437869643707	0.02434697193264827	0.020343063582370053
low_separation	0.25	0.1	1	0.001669451746046483	0.05448121344261408	0.02628192440348905	0.0012767029280683414	0.019986171390696646	7.285532955459038e-4	0.2628487604157951	0.1753916099930245	0.1359435432245821	0.11188407898398083	0.057603490032986114	0.07135132744584326	0.08361681502327994	0.09120772492967377	0.061134699366542894	0.03465583652527209	0.024731520669499206	0.021085792131232194
low_separation	0.25	0.1	2	0.045196303303998986	0.5248246477653891	0.2055429634491822	0.09190800580178296	0.18301507586355337	0.1914181380391049	0.1619550016031029	0.05588763193867941	0.07857587727679675	0.05889476380732469	0.032956067947972345	0.027317198520263906	0.08086336708236701	0.08788385900434803	0.06205013266629762	0.03491702741662634	0.024738868144404128	0.02090327890893384
low_separation_truncated	-0.25	-0.1	1	0.007269359756017621	0.16165248528658446	0.03743819132004241	5.385292198245666e-5	0.013238231094195625	0.0032439432844050455	-0.21065144394098753	-0.12037017935190446	-0.12492169423312081	-0.14867391296181068	-0.06280484896321628	-0.06760258371530597	0.07847695195690511	0.08600724058941017	0.059990959178993594	0.03667837815522049	0.025320990552444668	0.022938000430100157
low_separation_truncated	-0.25	-0.1	2	7.924413385606319e-8	0.02400985567551874	6.12482102086592e-4	0.002905560098487069	4.36001292314574e-4	6.003481699305316e-5	-0.43570804832527266	-0.19355659410261813	-0.21708858563539435	-0.11613486715326338	-0.09005416156970966	-0.08658103178635802	0.08115495097928184	0.08575943210140306	0.0632635750386523	0.038919701332959473	0.025542528748014125	0.021530732215719266
low_separation_truncated	-0.25	-0.05	1	3.606643483648405e-6	0.08811136427235984	0.014014999291090164	0.0809825683756043	0.2015629863550477	0.24636626949795587	-0.3798375742757654	-0.1511593594608322	-0.1594157679001226	-0.06835487371369267	-0.033448901852142075	-0.026188560507386265	0.08198786986022423	0.08863335558291294	0.06482836193730424	0.03913704471488272	0.02617905070065587	0.022584898701572955
low_separation_truncated	-0.25	-0.05	2	0.012574823923500705	0.6211001662533093	0.4712883557107216	0.28225722897146693	0.587993587777432	0.5713999062660716	-0.1959618175666638	-0.04190875762830986	-0.045357718086249374	-0.04243180762336844	-0.013893684134146059	-0.012327020775423057	0.07852327646510555	0.08478547233400506	0.06295124925733941	0.03944302221267577	0.025640200815735988	0.02177593733839759
low_separation_truncated	-0.25	0	1	3.8303914274037546e-4	0.6131898948663989	0.42313920069166877	0.8450600466496796	0.8414049979341208	0.9756598347576411	-0.2841336121152685	-0.04378029454092223	-0.05013828764289197	-0.007620070298422184	-0.005363169367348635	6.870688731928248e-4	0.08000378867481632	0.08660355833157396	0.06258277889914549	0.038983510718822674	0.026797959969308942	0.022516197265402976
low_separation_truncated	-0.25	0	2	7.801013742509473e-4	0.08144843767227482	0.14256859415148185	0.38044712451506724	0.7343945552830369	0.8499981252930425	-0.26408261097056096	-0.14842495222418137	-0.09651857684552696	0.033879516129812444	0.008395625308203376	-0.004279347957965934	0.07860162366354513	0.08518698638396222	0.06579896472164584	0.03861266071892757	0.024740192306150353	0.02262465562375785
low_separation_truncated	-0.25	0.05000000000000002	1	0.07517345939707197	0.572917734921663	0.6553953162513773	0.05420777926655743	0.1877507301670891	0.04584435218885215	-0.1460067490519685	-0.0499482846647443	-0.030782278919523225	0.07703154517301315	0.03372164009049792	0.04113690052616148	0.0820537118575039	0.08859854931434144	0.06896497808563372	0.03997154157429609	0.025587306262646877	0.02058831361565441
low_separation_truncated	-0.25	0.05000000000000002	2	7.02549104475766e-4	0.22016921163460837	0.5331021212413403	0.09115345180466577	0.4955757851672631	0.7633802196305185	-0.2713700560961076	0.1084083428239803	0.04048113568090414	0.06720515854737376	-0.01747706704881918	-0.006514595485543465	0.08008365214832133	0.0884187763319889	0.06493752308929378	0.03974872832581351	0.025639567254927196	0.02163698993932416
low_separation_truncated	-0.25	0.1	1	0.0340208841045316	0.24996656518832158	0.3179295173933352	0.013428085457155382	0.13343457784224574	0.006194322473339489	-0.1656414838750013	0.101426093910155	0.062327209630729435	0.0883429562961708	0.03691256319120958	0.05556178103635655	0.0781392596365186	0.08816359231644809	0.06239138600820915	0.03567907671578656	0.024583165548117184	0.0202763550921801
low_separation_truncated	-0.25	0.1	2	0.0020437276275339722	0.3133673136562507	0.5260083259795314	0.029631597710081888	0.4194515443897495	0.36287238147020373	-0.2505412561882761	-0.08912962402712872	-0.03997922308592572	0.08515383127412243	0.020883551105154094	0.01953084839149979	0.08124424376984796	0.08840632330177177	0.06303660358874667	0.03910314954286421	0.025858582408662553	0.021459791861089844
low_separation_truncated	-0.125	-0.1	1	0.03456915876079182	0.015097418333225731	0.010298582630294562	0.03291469221983049	0.10311409618093456	0.01604158666472377	-0.17283668333318158	-0.2158222436206558	-0.15750631886496033	-0.07951298306359525	-0.04450557338990646	-0.055923126287078344	0.08178252195341164	0.08881450583476352	0.06133242664653264	0.03723197209415002	0.02728792252780749	0.02320444360127155
low_separation_truncated	-0.125	-0.1	2	0.08679335673649392	0.13588710053610928	0.44529699100410347	0.0855641625542509	0.05772306197052898	0.05391607260122667	-0.1339612886538986	0.12905017574225794	0.04830627720971347	-0.06294536288314544	-0.04680618373864378	-0.04093433741057735	0.07822278949199801	0.0865363177581405	0.0632753006217324	0.03658028845494687	0.024643302088361387	0.021224367755563963
low_separation_truncated	-0.125	-0.05	1	0.023444033055071617	0.17763402877696582	0.06629122223589297	0.3399145170240905	0.10110255882335156	0.0545658766164467	-0.17837192001883817	-0.11499480103658338	-0.11264515441718134	-0.0340578852109164	-0.04100273791004068	-0.04007674230075262	0.07871247547190784	0.08530292406044494	0.061304997597859165	0.035672777552502574	0.024992628070665743	0.020835895679928714
low_separation_truncated	-0.125	-0.05	2	0.1743035453445982	0.7852507597971822	0.36243031040060936	0.21825512308197884	0.09922549833545606	0.0458503900108638	-0.10590971032762743	-0.023134264378430126	-0.05603511633392643	-0.044365733139573	-0.04094259429765706	-0.040800554842263054	0.07796049494552672	0.08490171971297239	0.061512668218213204	0.03601547502677718	0.024818184549291866	0.020420547100095315
low_separation_truncated	-0.125	0	1	0.8071888169912871	0.07167504866091147	0.14789422037194974	0.03863603198388595	0.9339282600710412	0.996564644542683	0.019285292430377295	-0.14993115526726958	-0.08646402492346839	-0.07388728371122139	0.0021339373352083635	8.885921948336707e-5	0.07902051984944079	0.08324067440229262	0.059730460627269846	0.03568927217391958	0.025735412683841323	0.020635509267441652
low_separation_truncated	-0.125	0	2	0.014871020469071107	0.7164016174979979	0.7939488187399857	0.45602491206913764	0.17532513483646442	0.053135486649989044	-0.19781098450016085	-0.032687082747218016	-0.01685876822866185	0.02818020394819932	0.035420856789243026	0.04374474898720905	0.08121970074118495	0.08997960731624524	0.06453827400862538	0.03779228306218963	0.02612247445175015	0.02260750615034625
low_separation_truncated	-0.125	0.05000000000000002	1	0.12350521060432464	0.90333171105543	0.42106316461244786	0.08098567165083105	0.5572571370615413	0.999789029215396	-0.1204863745028875	0.010521152391568447	0.04887305975538851	0.06186455322110605	0.014356959123408961	5.598843333238327e-6	0.07822641225005995	0.08662688102806178	0.06073118805096512	0.03542280747856812	0.024455857247053858	0.0211719915742877
low_separation_truncated	-0.125	0.05000000000000002	2	0.6870611769865537	0.8488470240227738	0.7740687306576319	0.28391795168657247	0.4962967259764457	0.5986443703077519	-0.032123783704900495	-0.016647892937657338	0.017655097040221716	0.03859509138224498	0.017479813571629504	0.011144877553852342	0.07974200232882253	0.08734936291511568	0.061495488387976846	0.03600143012796142	0.02568669916183362	0.021170468482180814
low_separation_truncated	-0.125	0.1	1	0.46996382356487143	0.16969585826603428	0.037055643872843436	0.0030049758679246545	0.03596667708970416	0.02825840319192947	-0.05800525319584575	0.12412594931223916	0.13752738825896177	0.10883011901807298	0.05375814077133305	0.04673694400766821	0.08027987461568184	0.09039295141469232	0.0659114846019339	0.03659981011753267	0.025608081427504075	0.02128977305712124
low_separation_truncated	-0.125	0.1	2	5.102311813168363e-4	0.7470634510064691	0.5992106622234039	0.09414479935869385	0.3372981925121058	0.1827052941621799	-0.2724316848198371	-0.02762687012966906	-0.03423321722267912	0.062264971116556864	0.023483559849535974	0.02916382180527961	0.078390233004172985	0.0856610361876254	0.06512922723403554	0.03716719263316194	0.024466140151035345	0.021879412223351425
low_separation_truncated	0	-0.1	1	0.7312950135017742	0.011337055322672878	0.031728164862351	0.027095363598416473	0.9988366651520684	0.4446539187918521	-0.027754858258406567	-0.2199924699554264	-0.14093814283230727	-0.0779056001011161	-3.614670593641304e-5	-0.016960422598464676	0.08082290242008479	0.08688025285043655	0.06557311441569678	0.03520604522495945	0.024787291209606384	0.022184709481469687
low_separation_truncated	0	-0.1	2	0.06739287749336811	0.21711028117548828	0.13604139815448693	0.04785781686312466	0.3829888505027498	0.2970234191647022	-0.14725753124662105	-0.10781173113076213	-0.09289703236426089	-0.07202266570910952	-0.02132720034298187	-0.022369838052582025	0.08051061442408575	0.08735009364231755	0.06229277821764256	0.03636332874232127	0.024439061551524307	0.02144532442855373
low_separation_truncated	0	-0.05	1	0.10299319428999848	0.7218141716878886	0.9869302740863146	0.036593179867863396	0.5550635795512733	0.20759713555075307	-0.13102284082859839	-0.031011954593466548	0.0010658141633725303	-0.07841503064636961	-0.015036751948448552	-0.026908468359841446	0.08035683807842586	0.08710360885181578	0.06505509117325721	0.03747126820634014	0.025471761717328078	0.021345619090956416
low_separation_truncated	0	-0.05	2	0.4013086386570724	0.33799048498140877	0.08673078107194682	0.016945999109477975	0.020476120668721575	0.00576859692933248	-0.06957805098547755	-0.08611302451408795	-0.10777181376101012	-0.08662496647343354	-0.058689833194538236	-0.05901843984009309	0.08290144432205426	0.0898748873591211	0.062886747481019	0.03622748251523922	0.02529673734192644	0.021355376534594323
low_separation_truncated	0	0	1	0.4301744069368246	0.39620459275014136	0.585465589486347	0.13780254419438767	0.5210144685096141	0.47207263713780834	0.06471277593220542	0.07790477686719796	0.03325508771346181	0.052446170650581936	-0.01593404117223553	-0.015383144823980958	0.08202982689537915	0.09182345628260692	0.06096177057300989	0.03531669706850246	0.024821815673200277	0.02138783637380371
low_separation_truncated	0	0	2	0.75660266489104	0.9315973534769394	0.8944185318272744	0.7988381428102971	0.8848340384973574	0.878305224293664	-0.025239906270224603	0.007525422924147763	0.008579593419305075	0.009132682458896427	-0.003577265536946801	-0.003021848664551952	0.08143346003763882	0.08767283267497536	0.06463836650005586	0.03582754037369693	0.024692915594468737	0.01973289742617467
low_separation_truncated	0	0.05000000000000002	1	0.9149399883538385	0.8520088898380169	0.6811146174427233	0.9448142026883031	0.4542675487687945	0.268252463647168	0.00845471209596229	0.016426275617875172	0.024693194122481155	0.002463946203335564	0.018797391545427783	0.02331168781601061	0.07915681554998481	0.08805017963003114	0.060080366904924375	0.035588054777943925	0.025112767953291076	0.021050746911390895
low_separation_truncated	0	0.05000000000000002	2	0.07129900014104076	0.6784580925569481	0.7735511844430447	0.26074056897202313	0.9518591477092497	0.7531046081783475	-0.14487812549516252	-0.03623357747854205	-0.017703038174643606	0.04067010780619202	-0.0015259665563780705	-0.006795236494107947	0.08032860236180646	0.08740078175947988	0.06151760277428218	0.036145957435607674	0.025271543484672317	0.021600184454596435
low_separation_truncated	0	0.1	1	0.4000943949244033	0.47208835239844943	0.2479939224572677	2.0834514775886994e-4	0.0026720921301341028	2.983477549199815e-4	0.0684157912727472	0.06389964258188381	0.07687283342939401	0.1368083231476734	0.07781921281497488	0.08335641773906753	0.08130676210989325	0.08886239351399348	0.06652354865281716	0.03677526870161203	0.02586735892384524	0.023006852358817307
low_separation_truncated	0	0.1	2	0.8681458295291647	0.00676950183369093	0.04195477021899064	0.005627991981237591	0.7316713710663141	0.995672278025987	0.013168580117149685	0.2465564763606647	0.12581963320222284	0.09898084050173765	-0.008769392592104176	1.179136368394674e-4	0.07932204345995965	0.09104826680096233	0.061819423617686664	0.0356841009862002	0.025569037385352503	0.021736432721138448
low_separation_truncated	0.125	-0.1	1	0.03382086867446774	0.9331943318236691	0.47818398267434603	0.0064584381368007	0.07347463891360526	0.032005911132229455	0.18100528958527196	-0.007531704662002547	-0.042160165603358606	-0.09384005954094501	-0.04623049760901735	-0.04900029737084311	0.08529130640163081	0.08984866861426846	0.05943410447392036	0.03439949336298563	0.025810425692596232	0.022835020593407234
low_separation_truncated	0.125	-0.1	2	0.004847299411000056	0.5435756192826455	0.9095352249507919	0.02034501020537648	0.005218038998989417	0.0021144009776702622	0.23150687570007913	0.053049402650380155	-0.007270846334422145	-0.08069948604658153	-0.06643511952227904	-0.06419956107816739	0.08218176845438864	0.08733635746191065	0.06398184819635434	0.03474028677065764	0.023747518301940426	0.020859609255291442
low_separation_truncated	0.125	-0.05	1	0.001426702050512357	0.6313937226954107	0.8174230221993881	0.0029440302186935913	0.07294805716144144	0.0262226038169909	0.2639667863063508	0.04190949572443732	0.01491105569339555	-0.10550246687573411	-0.04620159309673518	-0.04975036527234026	0.08276912741325977	0.08735401687616208	0.06458046154683966	0.03540814218418119	0.0257463487659166	0.022364209627957255
low_separation_truncated	0.125	-0.05	2	0.5151705014316001	0.6997876329036408	0.5733357604331942	0.10516431511428478	0.5972898139974501	0.4812723121561806	0.05397108360980888	-0.033609054353635925	-0.036553499493211905	-0.05791782872301277	-0.01327617248607155	-0.015664693864449516	0.08292936180220836	0.08715879324356064	0.06489880612460994	0.035718948688015624	0.025124194325364908	0.022238680567180855
low_separation_truncated	0.125	0	1	0.0675992862281419	0.2972569892540617	0.4960261641362511	0.5810477173698688	0.9001497112288698	0.8330594390888062	0.1513795433687784	-0.0914105111911443	-0.04580092233202325	-0.019596419836474963	0.0032345280285327504	-0.004721822641497676	0.08282657692946953	0.08769793246731293	0.06726722110009495	0.03550056642593033	0.02577427202416907	0.022398803363195958
low_separation_truncated	0.125	0	2	0.4203526076476248	0.6744623923089068	0.9789403679741975	0.624837552059803	0.12781606005056553	0.2009063151150172	0.06516917506874322	-0.03643577552830117	0.0018054551650253917	0.017876035804517215	0.038945653704146294	0.02944731669638579	0.08087415472865737	0.08674532646254102	0.06838662587548373	0.036546357093131164	0.025560564813306076	0.023016583301713307
low_separation_truncated	0.125	0.05000000000000002	1	0.3907806438378789	0.5195953329307303	0.23635703539125064	0.002944613843005832	0.015791814570213437	0.0013484064076513045	0.06983291984654773	0.05712907090973266	0.07464853592651703	0.10781465112545938	0.06260945276290314	0.06887137268893723	0.08137114268656956	0.08871396461445878	0.06302126501143904	0.03618420443100563	0.02590831640479514	0.021455248271382666
low_separation_truncated	0.125	0.05000000000000002	2	0.0015473315457084874	0.8590535223612131	0.6198486690525011	0.152528710135954	0.04123102107710168	0.032055702827444084	0.2727775064421109	-0.016370689111583354	0.03466642584791769	0.05172944072029254	0.05089895747508186	0.04608808643952158	0.08616774015286462	0.09218814099110387	0.06987195747822054	0.036135517560289834	0.02491388530548202	0.02148411140178258
low_separation_truncated	0.125	0.1	1	0.022354521291307026	0.0185575503666173	0.00705374038427115	0.0018339365198123156	0.0013383373083940557	5.312773540500529e-5	0.1885336088909559	0.22151129854056725	0.1861371650325071	0.11301686788961487	0.08006448460219302	0.08908964593499324	0.08253490071277932	0.0940879046363031	0.06901423909853462	0.036189947579117934	0.024912855581038004	0.021996328170783883
low_separation_truncated	0.125	0.1	2	0.05797039750710905	0.39119496476560284	0.01731199593293494	0.03751755064851795	5.614192685229945e-4	3.891431013245441e-4	0.15393051118876275	0.07698661479129493	0.14734949119566132	0.07241047113382063	0.085378297617149	0.07308159404452196	0.08119033093411897	0.08978530306156429	0.06185957015035625	0.03477367335450501	0.024696215050316182	0.020566795637739024
low_separation_truncated	0.25	-0.1	1	0.005255075663515824	0.1151549350699037	0.01854736953174746	0.011994788340238552	0.01317510433010126	0.006331322810970216	0.23554727100172743	-0.13776923322343915	-0.14630943988742753	-0.08456542843082937	-0.06098092621042073	-0.05736073149692826	0.08439628019550809	0.08744810329103257	0.062089321659376695	0.033611413842136444	0.024568417595973033	0.020988189591663046
low_separation_truncated	0.25	-0.1	2	0.2547926743406237	0.8392944239030173	0.35768936075715185	0.012392328181757313	0.04420106136310969	0.017423004878679496	0.09462321878330922	-0.0176839609479433	-0.05940949146141174	-0.09137883143101012	-0.05229812799861317	-0.05115728665154108	0.08309135250146546	0.08720070507305984	0.06457627885112657	0.0364858190168595	0.025967139809643155	0.021497924898304883
low_separation_truncated	0.25	-0.05	1	7.645719795299686e-4	0.7437431589730248	0.5690060580743133	0.0960169338375928	0.05709941710250504	0.023198768351873917	0.28433849062714056	0.029463953116192	-0.034885401305146245	-0.056932935918740706	-0.04800908055654431	-0.04791580068207909	0.08449097888456589	0.09013126327849733	0.061244327571182915	0.03417833643677144	0.025214026184346105	0.021090680072689365
low_separation_truncated	0.25	-0.05	2	0.02172537947601332	0.6182510973299616	0.936629921844461	0.011451376958305856	0.2868718275876991	0.15662533488164862	0.18975375268160816	0.043913522786888336	0.00511736771825331	-0.08927945870273221	-0.026797514689825153	-0.028076299579651222	0.08267650451285026	0.088121278400438	0.06435620175309045	0.035253458526658024	0.025152290247463484	0.019813256736409664
low_separation_truncated	0.25	0	1	0.003615317690173084	0.7148510849073575	0.8183182462411798	0.2204103094912706	0.694494864728464	0.8040757290592179	0.23874223789403826	-0.03179741303191181	0.013917284695762677	-0.04206756883895139	0.009878388613603574	-0.005222667287626808	0.08204451731971148	0.08703303939718919	0.060578725377611345	0.03431140004913425	0.02514606391961085	0.02104990813219834
low_separation_truncated	0.25	0	2	0.0047844181323716505	0.10507371889465002	0.061677360013447695	0.4744015415196583	0.24089539231120363	0.1710504783136867	0.23847908133474585	0.1479261835010035	0.14147194000350305	0.025873148787243352	-0.029702692535497604	-0.0309514390225183	0.08453104272733299	0.09127084813341085	0.0756672471418488	0.036158191529850156	0.02531689780890348	0.022603368704005745
low_separation_truncated	0.25	0.05000000000000002	1	5.530719532697592e-4	0.0036414880670521672	4.146724390363778e-5	8.196190145515123e-4	5.461769742221269e-4	2.450284501539687e-4	0.2925304319482109	0.2744615931878013	0.27249088594916376	0.11255482980831998	0.0856141700222966	0.0793588422741836	0.08470202455980737	0.09439273575740871	0.06632695098944252	0.03355685739408612	0.024711116803550103	0.021599870693321376
low_separation_truncated	0.25	0.05000000000000002	2	0.04582234849527651	0.5954119446292054	0.29691213619810136	0.09970128055168274	0.26231120085827675	0.23804390972043604	0.16175801069720205	0.04719227987763518	0.06015344772719517	0.05288018410858282	0.026630914822664255	0.023491584043528243	0.08099944774085317	0.08887269934144501	0.05765410426584126	0.03209677687096507	0.023748528222805872	0.019904016203848077
low_separation_truncated	0.25	0.1	1	9.256058043154636e-6	0.007034697730451059	0.004868050631373725	0.018387786864150435	0.2621423767694818	0.14282917977512807	0.3657616966365445	0.2511516590930818	0.1761860499606564	0.0791685784139838	0.02722735686756396	0.03018498019428997	0.08249283132698954	0.09318489059055035	0.06250422042824731	0.03353248132874281	0.0242718278583449	0.020591240962776782
low_separation_truncated	0.25	0.1	2	0.01617180981279636	0.4687990756946143	0.43195386767537225	0.3933062836033674	0.5450490407624724	0.3812877267612549	0.2034744985215937	0.06644068802554023	0.050720190657948694	0.031245510127541818	0.016004158991007385	0.019769055364118104	0.08460425963749431	0.0917138754224032	0.06452854827569732	0.036589872154069274	0.02643838093467898	0.022574639554509647
